{
  "strip_M_neg_int_ms_Nm": 13529.298654572733,
  "nodal_M_neg_int_ms_Nm": 6050.511734133135,
  "wa_M_pos_ms_Nm": 36580.347632590034,
  "sec_M_neg_int_kft": 65.52017276995873,
  "n_columns": 16,
  "strip_M_neg_ext_ms_Nm": 12074.923661966739,
  "M_pos_kft": 48.033218275606174,
  "sec_M_neg_ext_kft": 59.417931508602756,
  "n_cell_tri_groups": 9,
  "frame_M_pos_Nm": 65124.29945418669,
  "strip_M_neg_ext_cs_Nm": 41376.89468417522,
  "wa_M_neg_ext_ms_Nm": 15159.509558345932,
  "mesh_edge_length_mm": 176.4734228186427,
  "nodal_M_neg_ext_ms_Nm": 5287.76143352984,
  "l2_ft": 18.011811023622048,
  "frame_n_cells": 9,
  "n_elements": 12390,
  "nodal_M_neg_ext_cs_Nm": 53194.30188986057,
  "l1_ft": 14.009186351706036,
  "wa_M_neg_int_cs_Nm": 56870.95408748051,
  "wa_M_neg_ext_cs_Nm": 48674.54596187847,
  "M_neg_int_kft": 46.243900700872345,
  "nodal_M_pos_cs_Nm": 45806.84789331159,
  "Vu_max_kip": 23.745335958885665,
  "column_moments_kft": [
    5.475334340008591,
    36.88877559642281,
    38.63724280964802,
    0.0,
    5.475334340008591,
    44.34275451270219,
    46.243900700872345,
    0.0,
    6.097364168266385,
    44.34275451270219,
    46.243900700872345,
    0.0,
    6.097364168266385,
    35.752268370635505,
    37.70599405355064,
    0.0
  ],
  "wa_M_pos_cs_Nm": 31280.830135099328,
  "nodal_M_neg_int_cs_Nm": 66019.25101538312,
  "description": "FEA baseline before file restructure",
  "qu_psf": 208.00498231985694,
  "column_shears_kip": [
    10.497521677088763,
    23.786205001566778,
    23.788925671171086,
    10.52690282622718,
    24.01511712734678,
    59.749976993840896,
    59.96537385075484,
    23.81353353187206,
    24.20058931616825,
    59.6383807858949,
    59.65478731718426,
    24.210727083395835,
    10.484995138658517,
    23.78134835741598,
    23.77718410202582,
    10.483035681440624
  ],
  "unbalanced_moments_kft": [
    10.445150539608386,
    1.735687282517717,
    1.7392015310402686,
    10.476510446606397,
    22.682327503037992,
    4.238049692731466,
    4.38955983421738,
    20.980432670084376,
    24.240841335827632,
    4.064628468461111,
    4.077993950448919,
    24.257661085853783,
    10.444856273186709,
    1.7069819612503951,
    1.7142341555163054,
    10.441023177149642
  ],
  "pattern_loading": false,
  "M0_kft": 75.24809712167871,
  "ln_ft": 12.675853018372706,
  "strip_M_pos_ms_Nm": 34939.956274386146,
  "M_neg_ext_kft": 38.63724280964802,
  "nodal_M_pos_ms_Nm": 34137.90104390452,
  "frame_col_Mneg_Nm": [
    7423.556571298909,
    50014.4640455994,
    52385.06727535913,
    0.0,
    7423.556571298909,
    60120.70244677483,
    62698.31057109775,
    0.0,
    8266.915776848324,
    60120.70244677483,
    62698.31057109775,
    0.0,
    8266.915776848324,
    48473.56715046865,
    51122.463497481,
    0.0
  ],
  "strip_M_neg_int_cs_Nm": 49169.011916525036,
  "fea_delta_panel_inch": 0.1993022113534844,
  "wa_M_neg_int_ms_Nm": 15941.76089691227,
  "timestamp": "2026-03-01T11:00:50.481",
  "sec_M_pos_kft": 59.10318413841934,
  "strip_M_pos_cs_Nm": 30509.046081988203
}